<manifest alg="2" build="2018.1.1.386" opt="false" iceEnabled="true" iceMarkupVersion="2" iceEnabledOptions="link,responsive,cachebuster,textStyling" exportTarget="other" domain="ArvatoCapstone.com" resolutions="1x" timestamp="1582893337380">
  <folder name="css">
    <file name="site_global.css" crc="444006867"/>
    <file name="index.css" crc="3833531137" ref="index"/>
  </folder>
  <folder name="assets">
    <file name="pca.png" crc="4239426264" seo="true" mt="1582878609000"/>
  </folder>
  <folder name="scripts">
    <file name="jquery-1.8.3.min.js" crc="209076791" ref="index"/>
    <file name="museutils.js" crc="3939489907" ref="index"/>
    <file name="whatinput.js" crc="86476730" ref="index"/>
    <file name="museconfig.js" crc="3936894949" ref="index"/>
    <file name="jquery.watch.js" crc="522499760" ref="index"/>
    <file name="require.js" crc="4177726516" ref="index"/>
  </folder>
  <folder name="images">
    <file name="pca.png" crc="4239426264" seo="true" ref="index">
      <caption webpage="index" alt=""/>
    </file>
    <file name="kmeans .png" crc="51963663" seo="true" ref="index">
      <caption webpage="index" alt=""/>
    </file>
    <file name="pca1.png" crc="442437061" seo="true" ref="index">
      <caption webpage="index" alt=""/>
    </file>
    <file name="4.png" crc="4262659017" seo="true" ref="index">
      <caption webpage="index" alt=""/>
    </file>
  </folder>
  <file name="index.html" crc="4077879297" seo="true" mt="1582892992194" redirect="true"/>
</manifest>